"id";"nombre";"etapa";"tipo";"area_responsable";"descripcion";"monto_contrato";"comuna";"barrio";"direccion";"fecha_inicio";"fecha_fin_planeada";"fecha_fin_real";"porcentaje_avance";"imagen"
7;"Villa Olímpica: Viviendas III";"Finalizada";"Vivienda";"Ministerio de Desarrollo Urbano y Transporte";"El Tercer Conjunto Licitado, Esta Integrado Por 3 Edificios De Unos 13.000M2 De Vivienda Y 370M2 Destinados A Locales Comerciales.";179192366;8;"Villa Lugano";"FERNANDEZ DE LA CRUZ, F., GRAL. AV. Y ESCALADA AV.";"25/02/2016";"8/10/2017";"25/01/2018";100;"https://cdn2.buenosaires.gob.ar/baobras/mduyt/Villa_Ol%C3%ADmpica_3.jpg"
19;"Parque Olímpico: Pabellones A1 Y A2.";"Finalizada";"Arquitectura";"Ministerio de Desarrollo Urbano y Transporte";"Obra De Los Pabellones Que Albergaran Los Diferentes Equipamientos Deportivos.";194988604;8;"Villa Soldati";"AUTOPISTA PRESIDENTE HECTOR J. CAMPORA Y 27 DE FEBRERO AV.";"15/02/2017";"31/12/2017";"31/12/2017";100;"https://cdn2.buenosaires.gob.ar/desarrollourbano/observatorio-de-obras/observatorio137.jpg"
25;"Villa Olímpica: Infraestructura electrica";"Finalizada";"Hidráulica e Infraestructura";"Ministerio de Desarrollo Urbano y Transporte";"Realizacion De La Infraestructura Electrica Necesaria Para Las Instalaciones En La Villa Olímpica.";54936733;8;"Villa Riachuelo";"FERNANDEZ DE LA CRUZ, F., GRAL. AV. Y SUAREZ, JOSE LEON";"3/01/2017";"3/01/2018";"3/01/2018";100;"https://cdn2.buenosaires.gob.ar/desarrollourbano/observatorio-de-obras/imagenesobservatorio/infraestructuraelectricavillaolimpica.jpg"
37;"Ramal Caaguazu - Ampliacion Red Pluvial VII";"Finalizada";"Hidráulica e Infraestructura";"Ministerio de Desarrollo Urbano y Transporte";"Los Trabajos De La Obra Hidraulica Del Ramal Caaguazu Consisten En La Ampliacion De La Capacidad De Los Ramales, Para Aliviar La Red Existente Y Evitar Los Anegamientos Sobre Av. Rivadavia Y Calle Yerbal. Constara De Dos Conductos: El Primero Se Inicia En La Esquina De La Calle Yerbal Y Recorre Las Calles Yerbal Y Urdaneta, Hasta Av. Rivadavia Y La Segunda Comienza En La Esquina De Caaguazu Desde Oliden, Pasando Por Calle Ramon L. Falcon.";69200043;9;"Liniers";"OLIDEN Y FALCON, RAMON L.,CNEL.";"28/07/2016";"31/03/2018";"31/03/2018";100;"https://cdn2.buenosaires.gob.ar/desarrollourbano/observatorio-de-obras/imagenesobservatorio/ampliacionredpluvialsieteramalcaguazu.jpg"
52;"Paso bajo nivel Balbin";"Finalizada";"Transporte";"Ministerio de Desarrollo Urbano y Transporte";"El Paso Bajo Nivel De Av. Balbin Se Extendera Entre Estomba Y Av. Goyeneche, Pasando Por Debajo Las Vias Del Ferrocarril Mitre Ramal Mitre, A 300 Metros De La Estacion L. M. Saavedra Del Tren. Su Tunel Sera Doble Mano, Contara Con Cuatro Carriles De Circulacion, Dos Por Sentido, Con Una Altura Libre De Paso De 5,10 Metros, Que Lo Hara Apto Para Transito Liviano Y Transporte De Pasajeros";119960000;12;"Saavedra";"BALBIN, RICARDO, DR. AV. Y PLAZA";"12/06/2016";"15/07/2018";"15/07/2018";100;"https://cdn2.buenosaires.gob.ar/desarrollourbano/observatorio-de-obras/masobras/pasobajonivelbalbin.jpg"
54;"Paso bajo nivel Nazca";"En Ejecución";"Transporte";"Ministerio de Desarrollo Urbano y Transporte";"El Paso Bajo Nivel De Av. Nazca Se Extendera Entre Pedro Lozano Y Marcos Sastre, Pasando Por Debajo Las Vias Del Ferrocarril San Martin, A 300 Metros De La Estacion Villa Del Parque Del Tren. Su Tunel Sera Doble Mano, Contara Con Cuatro Carriles De Circulacion, Dos Por Sentido, Con Una Altura Libre De Paso De 5,10 Metros, Que Lo Hara Apto Para Transito Liviano, Peñado Y Transporte Publico De Pasajeros.";174350000;11;"Villa Del Parque";"NAZCA AV. Y MELINCUE";"12/12/2016";"31/05/2018";;0;"https://cdn2.buenosaires.gob.ar/desarrollourbano/observatorio-de-obras/imagenesobservatorio/pasobajonivelnazca.jpg"
55;"Conservatorio Manuel De Falla";"Finalizada";"Escuelas";"Ministerio de Desarrollo Urbano y Transporte";"La Obra Del Conservatorio Manuel De Falla Consta De La Readecuacion De Las Instalaciones, La Puesta En Valor Y La Reparacion De La Cubierta. Fue Iniciada Originalmente Por El Ministerio De Cultura Y Transferida Posteriormente, Al Ministerio De Desarrollo Urbano Y Transporte.";8755881;5;"Almagro";"GALLO 238";"3/10/2016";"20/01/2018";"20/03/2018";100;"https://cdn2.buenosaires.gob.ar/desarrollourbano/observatorio-de-obras/iconos_arquitectura.jpg"
58;"Paso bajo nivel Av. San Martin";"Finalizada";"Transporte";"Ministerio de Desarrollo Urbano y Transporte";"El Paso Bajo Nivel San Martin Tiene Una Longitud De 370 Metros, Que Se Extiende Entre Las Calles Pareja Y Asuncion. Cuenta Con Cuatro Carriles, Dos En Cada Sentido Y Su Tunel Presenta Una Altura De 5,10 Metros, Permitiendo La Circulacion De Vehiculos Pesados, Livianos Y Los Colectivos Del Metrobus San Martin.";111988844;11;"Villa Devoto";"SAN MARTIN AV. Y PAREJA";"17/01/2014";"21/10/2016";"03/03/2017";100;"https://cdn2.buenosaires.gob.ar/desarrollourbano/observatorio-de-obras/observatorio105.jpg"
59;"Paso bajo nivel Constituyentes";"Finalizada";"Transporte";"Ministerio de Desarrollo Urbano y Transporte";"Se Extiende Entre La Avenida Mosconi Y Olazabal Hasta La Calle Jose L. Cabezon Y Cullen. El Paso Vehicular Bajo Las Vias Del Tren Contiene Cuatro Carriles, Dos En Cada Sentido, Con Una Altura Libre De Transito De 5,10 Metros, Permitiendo La Circulacion De Vehiculos Pesados Y Livianos.";119500000;12;"Villa Pueyrredon";"DE LOS CONSTITUYENTES AV. 4950";"22/01/2014";"29/04/2016";"29/04/2016";100;"https://cdn2.buenosaires.gob.ar/desarrollourbano/observatorio-de-obras/observatorio110.jpg"
60;"Paso bajo nivel Beiro";"Finalizada";"Transporte";"Ministerio de Desarrollo Urbano y Transporte";"El Paso Bajo Nivel Beiro Tuvo Como Caracteristica Particular La Presencia De Caños De Gran Envergadura Bajo Tierra, Lo Cual Hizo Necesario Un Nuevo Trazado De La Avenida En Este Tramo, Generando Un Corrimiento Hacia El Lado Del Club Comunicaciones Y La Facultad De Agronomia. A Raiz De Ese Desplazamiento Se Define Un Espacio De Unos 25 M De Ancho Y De 500 M De Largo Que Se Proyecta Como Area Verde Para Usos Recreativos, Funcionando Como Conector Ambiental Adyacente A La Avenida.";114299267;15;"Agronomía";"BEIRO, FRANCISCO AV. Y GUTENBERG";"14/09/2014";"14/03/2017";"21/11/2017";100;"https://cdn2.buenosaires.gob.ar/desarrollourbano/observatorio-de-obras/observatorio102.jpg"
62;"Casa Trans";"Finalizada";"Arquitectura";"Ministerio de Desarrollo Urbano y Transporte";"La Obra Consiste En La Puesta En Valor Y Reciclaje De La Planta Baja Del Inmueble, Contemplando La Construccion De Nuevos Baños, Un Vestuario, Una Sala De Es Peña, Dos Consultorios Para Atencion Psicologica Una Sala De Extraccion De Sangre Para Diagnostico Preventivo Y Las Oficinas Administrativas De La Asociacion De Travestis, Transexuales Y Transgeneros De La Argentina.";3935114;3;"San Cristóbal";"JUJUY AV. 1341";"8/02/2017";"26/06/2017";"26/08/2017";100;"https://cdn2.buenosaires.gob.ar/baobras/mduyt6/mduyt_casatrans_foto1.jpg"
67;"Autopista Illia: Nueva traza";"En Ejecución";"Transporte";"Ministerio de Desarrollo Urbano y Transporte";"La Obra Consiste En La Construccion De Una Nueva Via Rapida Urbana Entre Av. 9 De Julio Y El Peaje Retiro (El Cual No Se Vera Afectado). La Extension Total De La Nueva Traza Es De 1.900 Metros Aproximadamente Entre Los Limites De La Intervencion Divididos En Dos Tramos Segun Su Tipologia. El Primer Tramo Modificara La Configuracion Actual De La Calle Facundo Quiroga. Este Tramo Se Extendera Entre Carlos Pellegrini / Cerrito Y El Nuevo Centro De Exposiciones Y Convenciones (Cec). Se Desarrolla Una Nueva Avenida Urbana Que Contara Con 3 Carriles Sentido Provincia, Mientras Que En Sentido Al Centro Tendra Un Ancho Variable Entre 3 Y 4 Carriles. Ambas Manos Estaran Separadas Por Un Cantero Central Que Contara Con Una Importante Forestacion. El Otro Tramo Comienza A Partir Del Cec, Donde La Avenida Mencionada Anteriormente Comienza A Tomar Altura Para Convertirse En Un Viaducto Y Gira Hacia El Norte, Pasando Por Arriba De Las Vias Del Ferrocarril Hasta Empalmar Con La Au Illia Existente, 300 Metros Antes De Llegar Al Peaje Retiro.";1585394079;2;"Recoleta";"Figueroa Alcorta, Pres. Av. 2005";"27/03/2017";"15/10/2018";;9;"https://cdn2.buenosaires.gob.ar/desarrollourbano/observatorio-de-obras/masobras/nuevatrazadelaautopistaillia.jpg"
151;"Barrio 15: Eje Radial";"En Ejecución";"Hidráulica e Infraestructura";"Ministerio de Desarrollo Humano y Hábitat";"Ejecución De Red De Infraestructura, Cicatrización De Pluvial Por Cordon Cuneta Y Obras Civil De Red Electrica Y Datos. Alumbrado Público. Ejecución Y Reparacion De Calzada Vehicular Y Veredas. Ordenamiento Del Espacio Público Y Puesta En Valor De Plaza Con Equipamiento.";32660647;9;"Mataderos";"De La Torre, Lisandro Av. Y Peron, Eva Av.";"22/03/2017";"2/07/2018";;63;"https://cdn2.buenosaires.gob.ar/baobras/desarrollohumanoyhabitat2/mdhyh_radial_imagen1.jpg"
158;"Ecoparque: Tendido De Fibra Óptica Y Fusiones";"En Ejecución";"Espacio Público";"Ministerio de Ambiente y Espacio Público";"Tendidos De Anillo De Fibra Optica Y Su Conexion Con Diferentes Edificios Del Mismo";2350000;14;"Palermo";"Republica De La India 3000";"11/10/2017";"1/10/2018";;50;"https://cdn2.buenosaires.gob.ar/baobras/genericas/generica_espaciopublico.png"
172;"CESAC N° 35: Ampliación";"En Ejecución";"Salud";"Ministerio de Salud";"En La Obra Se Contemplarán Trabajos De Ampliación Y Reforma Del Edificio Cesac 35 Sito En La Calle Osvaldo Cruz Y Zavaleta – Villa 21-24. La Obra Comprende El Agregado De Un Nuevo Cuerpo Al Edificio Existente. Dicho Cuerpo Se Compone De Tres Plantas Y Albergará Usos Asistenciales Además De Los Servicios Y Apoyos Para Profesionales, Que Se Trasladarán Del Edificio Existente Hacia Este Nuevo Cuerpo. Por Otra Parte Se Remodelarán Los Sectores Existentes Indicados En Planos Para Optimizar El Uso De Los Espacios En Función De La Atención Médica. El Alcance De Los Trabajos Comprende Todos Los Rubros De Obra E Instalaciones Necesarios Para Ejecutar De Acuerdo A Planos Y Planillas La Ampliación, Remodelación Y Puesta En Funcionamiento De Este Servicio. Serán Provistos Dentro De La Obra Los Elementos Del Equipamiento Mobiliario Especificados. La Superficie A Intervenir Se Detalla A Continuación: Pb: 130 M2 De Ampliación + 50 M2 De Modificaciones En Sector Existente 1er Piso: 130 M2 De Ampliación + 55 M2 De Modificaciones En Sector Existente 2do Piso: 415 M2 De Edificio Nuevo.";40536952;4;"Barracas";"Cruz, Osvaldo Y Zabaleta";"25/01/2017";"31/07/2018";;50;"https://cdn2.buenosaires.gob.ar/baobras/salud3/salud_ampliacioncesac35_foto02.jpg"
176;"Hospital Alvear - Trabajos De Instalaciones Termo Mecánicas Y Eléctricas En Pabellón N° 1, Etapa 2";"En Ejecución";"Salud";"Ministerio de Salud";"Las Obras Comprenden La Remodelación Integral Del Pabellón 1 En El Hospital Alvear, Incluyendo También La Ejecución De Obras Exteriores, Espacios Verdes Circundantes Y Semicubiertos. Las Obras A Ejecutar Tanto Interiores Como Exteriores Tienen Por Objeto Dejar El Hospital En Condiciones Adecuadas De Funcionamiento. Se Intervendrá En La Climatización Y Acondicionamiento Eléctrico Del Pabellón N° 1 Cumpliendo Con Las Normas Vigentes, Con El Fin De Brindar Un Nuevo Destino Y Reubicación Estratégica A La Consulta Externa. Se Realizará Una Ampliación Edilicia Dentro Del Pabellón N° 1, Que Contempla Un Nuevo Espacio Destinado Al Acceso Y Espera En El Área De Consulta Externa, Obteniendo Como Resultado Una Entrada Independiente, Desvinculando La Atención Externa De La De Internación. La Obra Comprenderá Trabajos De Estructuras Y Albañilería En General Como La Ejecución De Mampostería De Elevación, Distintos Tipos De Revoques Y Cielorrasos, La Colocación De Revestimientos, Solados Y Carpinterías.";15264748;15;"Paternal";"Warnes Av. 2630";"2/01/2017";"31/05/2018";;75;"https://cdn2.buenosaires.gob.ar/baobras/salud3/salud_termomecanicaelecticaalvear_foto01.jpg"
180;"Hospital Penna - Obra Centro Transformación";"Finalizada";"Salud";"Ministerio de Salud";"En El Marco Del Plan De Mejoras Que Se Está Desarrollando En El Hospital Penna Respecto De La Renovación Y Mejoras En Las Instalaciones Eléctricas, Se Prevé La Provisión De Un Centro De Transformación Que Le Permitirá Al Hospital Adquirir Energía En Media Tensión. La Presente Obra Consiste En La Ejecución De La Obra Civil Y Electromecánica De Un Centro De Transformación Equipado Con Dos Transformadores De 1600 Kva, Dos Grupos Electrógenos De 450 Kva, Celdas De Media Tensión Para Alimentación De Transformadores Y Tablero General De Baja Tensión Para Alimentar Inicialmente El Tablero General De Distribución Del Pabellón Mouras, El Nuevo Sector De Obstetricia, Y El Tablero General De Distribución Que Alimenta El Resto De Los Pabellones.";23152389;4;"Parque Patricios";"Chutro, Pedro, Prof., Dr. 3380";"21/06/2016";"27/12/2017";"20/02/2018";100;"https://cdn2.buenosaires.gob.ar/baobras/salud3/salud_centrodetransformacionpenna_foto01.jpg"
185;"Hospital Vélez Sarfield - Remodelación Guardia";"En Licitación";"Salud";"Ministerio de Salud";"La Obra De Guardia Nueva, Relocalización Del Jardín Maternal, Y Remodelación Del Área Administrativa Y Servicio De Imágenes, Consiste En El Traslado Y Ampliación De Dichos Servicios A Través De La Construcción De Un Nuevo Volumen Que Se Adosa Al Edificio Existente. El Proyecto Se Resuelve Desarrollando En Planta Baja La Guardia, Y En Primer Piso El Sector Médico De La Guardia Con Sus Dormitorios, Estares Y Office. El Jardín Existente Será Demolido Para Ser Construido A Nuevo, En La Nueva Localización Contigua A La Guardia, El Proyecto Se Completa Con La Remodelación Del Edificio Existente Para La Reubicación Del Servicio De Imágenes Y Nutrición, Same Y Sector Administrativo En Planta Baja, Y La Remodelación De La Sala De Partos En Primer Piso. Esta Intervención Abarca Una Totalidad De 2252 M2 Cubiertos, 121 M2 Semicubiertos Y 1840 M2 Descubiertos.";135485000;10;"Monte Castro";"Calderon De La Barca, Pedro 1550";"1/03/2017";"31/07/2017";;0;"https://cdn2.buenosaires.gob.ar/baobras/salud/VELEZ_REFACCION%20GUARDIA_FOTO1.JPG"
186;"Hospital Penna - Remodelación Ex Guardia Para Traslado Servicio Completo De Imágenes";"En Ejecución";"Salud";"Ministerio de Salud";"La Obra Consiste En La Ampliación Y Remodelación Integral Del Servicio De Imágenes Dando Respuesta A La Necesidad De Centralizar Todo El Servicio De Imágenes En Una Misma Área, Logrando Sectorizar Las Circulaciones Técnicas De Las Públicas Y El Uso De Demanda Ambulatoria Del De Guardia. El Proyecto Cuenta Con 1245 M2 Totales De Los Cuales 845 M2 Son Cubiertos Y 400 M2 Descubiertos Como Área De Intervención. En Las Áreas De Imágenes, El Servicio Comprenderá 5 Salas De Rayos X, 4 Salas De Ecografía, 2 Salas De Mamografía Y Una Sala De Tomografía. Cada Sala Contará Con Los Respectivos Apoyos Como Salas De Comando, Sanitarios.";52100000;4;"Parque Patricios";"Chutro, Pedro, Prof., Dr. 3380";"15/11/2017";"30/03/2019";;25;"https://cdn2.buenosaires.gob.ar/baobras/salud3/salud_remodelexguardiatrasladoimagenespenna_foto01.jpg"
189;"Hospital Moyano - Tareas De Demolición De Chimenea";"Finalizada";"Salud";"Ministerio de Salud";"La Obra Consiste En Las Tareas Necesarias Para La Demolición De Chimeneas En El Hospital Moyano.";2500000;4;"Barracas";"Brandsen 2570";"14/06/2017";"1/09/2017";"1/09/2017";100;"https://cdn2.buenosaires.gob.ar/baobras/salud2/MOYANO_DEMOLICION_CHIMENEA_%20FOTO%201.jpg"
192;"Hospital Alvarez - Remodelación Y Ampliación Del Servicio De Hemoterapia Del Pabellón D";"Finalizada";"Salud";"Ministerio de Salud";"La Obra De Hemoterapia En El Hospital Álvarez Consiste En Remodelar El Servicio. (Prestaciones De Atención Ambulatoria, Laboratorio De Hemoderivados Y Banco De Sangre). El Área De La Superficie A Intervenir Comprende 134 M2 Cubiertos Y El Proyecto Se Desarrollará En Planta Baja Y Entrepiso (Entrepiso Existente Y Ampliación Del Mismo) Del Pabellón D Del Hospital De Referencia.";7782123;7;"Flores";"Aranguren, Juan F., Dr. 2701";"19/06/2017";"30/04/2018";"30/04/2018";100;"https://cdn2.buenosaires.gob.ar/baobras/salud3/salud_hemoterapiaalvarez_foto01.JPG"
218;"Corralón de Floresta: Nueva plaza";"En Ejecución";"Arquitectura";"Subsecretaría de Gestión Comunal";"Obra Nueva: El Objetivo General Del Proyecto Es Recuperar La Mayor Superficie Verde Posible En Virtud De La Generación De Una Nueva Plaza Para El Barrio .A Su Vez, El Predio Fue Utilizado Durante Muchos Años Por Distintas Agrupaciones Culturales Que Realizaban Diversos Talleres, Huertas Comunitarias Y Eventos Donde Participaban Personas De Todas Las Edades Pertenecientes Al Barrio Como También De Distintos Puntos De La Ciudad Mediante La Convocatoria Por Las Redes Sociales. Teniendo En Cuenta Los Antecedentes Del Lugar, El Proyecto Propone Involucrar Las Distintas Actividades Y Usos, Ya Sean Culturales, Sociales, Deportivos Y/O Recreativos, Haciendo Uso De Algunas De Las Construcciones Existentes Que Tienen Valor Histórico Y Conmemorativo Para La Comunidad, Potenciando El Sentido De Pertenencia Y Simbólico Del Predio Fomentando A Su Vez La Integración Sociocultural De Los Vecinos";53999667;10;"Floresta";"Gaona Av. Y Gualeguaychu";"14/12/2017";"14/12/2018";;31;"https://cdn2.buenosaires.gob.ar/baobras/gestioncomunal7/gestioncomunal_corralonfloresta_foto6.jpg"
304;"Ecoparque: Sustrato En Recintos (4700m2)";"En Ejecución";"Arquitectura";"Ministerio de Ambiente y Espacio Público";"Trabajos De Mantenimiento (Reparación Retiro Y Compactación) De Sustrato A Llevarse A Cabo En Los Bretes Externos De Ovejas De Somalia, Llamas Y Vicuñas, Bisonte, Tapir, Cebras, Jirafas Y Avestruces, Emplazados En Diferentes Sectores Del Ecoparque Interactivo, Dependiente Del Ministerio De Modernización, Innovación Y Tecnología, De Acuerdo A Las Especificaciones Detalladas En Este Pliego Y En El Pliego De Bases Y Condiciones Particulares";1888390;14;"Palermo";"Republica De La India 3000";"21/09/2017";"21/02/2018";;85;"https://cdn2.buenosaires.gob.ar/baobras/genericas/generica_espaciopublico.png"
383;"Elefante Blanco: puesta en valor de su entorno";"En Ejecución";"Hidráulica e Infraestructura";"Ministerio de Desarrollo Humano y Hábitat";"Ejecucion De Red Cloacal, Pluvial, De Agua Y Mejoramiento Del Alumbrado Público. Ejecución De Calzada Vehicular Y Veredas. Ordenamiento Del Espacio Público, Creación De Plaza De Juegos.";55059359;8;"Villa Lugano";"Piedra Buena Av. 3200";"21/06/2017";"30/11/2018";;60;"""https://cdn2.buenosaires.gob.ar/baobras/desarrollohumanoyhabitat/Entorno%20Elefante.%20Durante.png"
419;"Barrio 31: Plaza Manzana 103";"Finalizada";"Espacio Público";"Secretaría de Integración Social y Urbana - Barrio 31";"Se Propuso Un Reordenamiento Del Espacio Público Para Sumar Espacio Verde,Y Demarcar De Manera Clara Los Espacios De Uso Exclusivo Deportivo Y De Juegos De Niños. Se Busca Jerarquizar Las Circulaciones A Fin De Que No Se Interrumpan Unas Con Otras Y Favoreciendo La Accesibilidad. Se Igualan Todos Los Niveles Sin Ningún Tipo De Cordón O Escalonamiento En Las Veredas Para Favorecer La Accesibilidad Para Personas Con Movilidad Reducida Y Asimismo Facilitar El Acceso A Las Conexiones Domiciliarias De Infraestructura, Accesos Y Cámaras. Se Disponen Bancos En Las Zonas Externas Generando Pequeños Espacios Verdes Atractivo Para Los Peatones, Con Mobiliario De Descanso Y Recreación. Los Espacios De Juegos Quedaron Contenidos Por El Mobiliario Urbano Cuya Disposición Acompaña A Los Sectores De Juegos Actuando Como Límite.";1268200;1;"Retiro";"Gendarmeria Nacional Av. 666";"17/01/2017";"15/09/2017";"12/10/2017";100;"https://cdn2.buenosaires.gob.ar/baobras/integracionsocialyurbana2/secretariadeintegracionsocialyurbana_plazamanzana103_imagen1.jpg"
454;"Hospital Santojanni - Ampliación Instalaciones Centrales De Oxigeno, Aire Comprimido Vacío (Edificio 3, En 1°, 2°, 3° Y 4° Piso)";"En Ejecución";"Salud";"Ministerio de Salud";"Las Presentes Especificaciones Comprenden Los Lineamientos Para La Provisión E Instalación De Materiales Y Equipos Para La Ampliación De Las Instalaciones De Oxígeno, Aire Comprimido, Y Aspiración Central Correspondientes Al Edificio 3 En Los Pisos 1°, 2°, 3° Y 4° Piso Del Hospital.";17406748;9;"Liniers";"Pilar 950";"21/06/2016";"31/10/2018";;75;"https://cdn2.buenosaires.gob.ar/baobras/salud3/salud_centralesdeoxigenosantojanni_foto01.jpg"
461;"Hospital María Ferrer - Instalación De Sistema De Climatización Frío/Calor Con Filtrado Especial - 2° Parte";"Finalizada";"Salud";"Ministerio de Salud";"La Obra Consiste En La Puesta En Valor De La Totalidad Edificada De La Terapia Intermedia. Tareas De Obra Civil. Termomecánica, Electricidad Y Sanitarias.";8250000;4;"Barracas";"Finochietto Enrique Dr. 849";"29/12/2016";"29/12/2017";"29/12/2017";100;"https://cdn2.buenosaires.gob.ar/baobras/salud3/salud_climatizacionferrer2daetapa_foto01.jpg"
583;"Patios De Juegos -Niceto Vega";"Finalizada";"Espacio Público";"Subsecretaría de Gestión Comunal";"Puesta En Valor: El Objetivo Es Realizar La Puesta En Valor Del Patio De Juego, En Donde Cambian Los Piso, Por Antigolpes, Colocan Juegos Nuevos Bajo Normas De Seguridad.";1611936;14;"Palermo";"Vega, Niceto, Cnel. 5223";"16/06/2017";"8/11/2017";"8/11/2017";100;"https://cdn2.buenosaires.gob.ar/baobras/gestioncomunal1/Patio%20de%20Juego%20Niceto%20Vega_foto1.JPG"
592;"Hospital Penna - Modificaciones En El Sistema De Climatización De Neonatología";"Finalizada";"Salud";"Ministerio de Salud";"La Obra Involucra Trabajos Complementarios A La Obra De Donación Del Centro Obstétrico / Neonatología Hospital Penna Y Que Resultarán Indispensables Para El Correcto Funcionamiento De Ambos Servicios. Consisten En La Ejecución De Refuerzos Estructurales En Losa Y Bases Existentes, Readecuación De Sector En Planta Baja Para Traslado Provisorio De Dormitorios Médicos De Guardia (Incluye Aº Aº), Cambio De Tramo De Recorrido De Cañería Troncal De Gases Medicinales Y Conexión Desde Sub Estación Hospital Penna A Tablero Principal Centro Obstétrico.";350000;4;"Parque Patricios";"Chutro, Pedro, Prof., Dr. 3380";"20/02/2017";"8/09/2017";"8/09/2017";100;"https://cdn2.buenosaires.gob.ar/baobras/salud/PENNA_NEONATOLOGIA_FOTO1.jpg"
644;"Cesac N° 28: Adecuación edilicia para su instalación";"Finalizada";"Salud";"Ministerio de Salud";"La Obra Comprende El Presente La Unión Entre Las Obras E Instalaciones Nuevas Con Las Existentes. En Consecuencia, La Reconstrucción De Todas Las Partes Afectadas. La Obra Comprende La Ejecución De Demolición, Retiro De Instalaciones Existentes, Retiro Y Picado De Pisos Y Revestimientos. Cerramiento De Vanos Con Mampostería, Reparación De Revoques Exteriores E Interiores, Reparación Y Ejecución De Contrapisos, Banquinas Bajo Mesadas Y Cordones Para Tabiques De Placas De Roca Deyeso En Locales Húmedos. Construcción De Tabiques Y Cielorrasos De Placas De Roca De Yeso. Colocación De Pisos Y Zócalos Y Revestimientos Cerámicos En Baños, Vacuñatorio Y Estar De Enfermería. Mesadas De Granito Con Bachas De Acero Inox., Muebles Bajo Mesada, Heladera Bajo Mesada Y Anafe Eléctrico. Colocación De Carpinterías, Puertas Y Ventanas Con Vidrios Y Espejos En Baños. Realización De Instalaciones Sanitarias, Eléctricas, Gases Médicos (Oxigeno), Contra Incendio (Matafuegos), Termomecánica (Aire Fría Calor) Según Pliego Y Planos. Pintura En Los Sectores Intervenidos.";4000000;8;"Villa Lugano";"Soldado De La Frontera Av. 5144";"22/12/2016";"31/01/2017";"31/01/2017";100;"https://cdn2.buenosaires.gob.ar/baobras/genericas/generica_salud.png"
649;"Hospital Marie Curie - Construcción De Una Nueva Morgue";"Finalizada";"Salud";"Ministerio de Salud";"La Obra Consiste En La Construcción De Una Nueva Morgue En El Hospital Municipal De Oncología Marie Curie. La Prestación Comprende El Suministro De La Totalidad De Los Materiales, Mano De Obra Herramientas, Desplazamiento De Objetos Y/O Equipos O Maquinarias Y Todos Los Elementos Necesarios Para Realizar La Tarea Encomendada Y Necesarios Para La Ejecución De La Obra.";5394334;6;"Caballito";"Patricias Argentinas Av. 150";"15/09/2017";"9/02/2018";"9/02/2018";100;"https://cdn2.buenosaires.gob.ar/baobras/salud/CURIE_MORGUE_FOTO1.jpg"
697;"Barrio Los Piletones: Finalización Edificios 12 Y 13";"Finalizada";"Vivienda";"Corporación Buenos Aires Sur";"Obras De Finalización Correspondientes Al Conjunto Habitacional Piletones, Ejecutadas Con El Sistema Constructivo Cassaforma.";24498933;8;"Villa Soldati";"De la Fuerza 3955";"30/01/2017";"30/06/2017";"30/06/2017";100;"https://cdn2.buenosaires.gob.ar/baobras/corporacionsur/Finalizaci%C3%B3nEdificios12y13_foto1.jpg"
748;"Barrio 31: Cancha 9";"Finalizada";"Espacio Público";"Secretaría de Integración Social y Urbana - Barrio 31";"Con La Lógica De Regenerar El Espacio Público Como Un Espacio Principalmente De Uso Deportivo, De Recreación Y Esparcimiento. Se Reordenó Para Sumar Espacio Verde, Y Demarcar De Manera Clara Los Espacios De Uso Exclusivo Deportivo Y De Juegos De Niños. Se Busca Jerarquizar Las Circulaciones A Fin De Que No Se Interrumpan Unas Con Otras Y Favoreciendo La Accesibilidad. Se Igualan Todos Los Niveles Sin Ningún Tipo De Cordón O Escalonamiento En Las Veredas. Toda La Superficie De Cancha De Fútbol Se Realizó De Césped Sintético Especialmente Preparado Para Alta Competición Y Se Delimitó Con Un Alambrado Olímpico. El Sector De Juegos De Niños Cumple Con La Norma De Espacio Público Acorde A Las Medidas Mínimas De Seguridad Y Acompaña El Diseño De Los Juegos Que Se Están Colocando En Toda La Ciudad Y Con El Solado De Caucho Acorde A Su Función. Por Su Parte El Sector De Basket Que Funciona Como Playón Multifuncional Es De Piso Duro A Fin De Soportar La Mayor Cantidad De Posibles Actividades. Así Mimo La Iluminación General Del Espacio Se Realizó Enteramente En Led Con Posibilidad De Telegestión A Fin De Integrarse A La Red De Alumbrado De Caba. Por Último Se Sumaron Diversos Tipos De Vegetación A Fin De Incrementar La Huella Verde Dentro Del Espacio Público. El Área De Acción Se Realizó Sobre 900m2.";650100;1;"Retiro";"Gendarmeria Nacional Av. 661";"28/09/2016";"7/04/2017";"7/04/2017";100;"https://cdn2.buenosaires.gob.ar/baobras/integracionsocialyurbana2/secretariadeintegracionsocialyurbana_cancha9_imagen1.jpg"
766;"Autopista 25 De Mayo: Puesta en valor lateral sub sede Comuna 3";"Finalizada";"Espacio Público";"Subsecretaría de Gestión Comunal";"Puesta En Valor:La Propuesta Del Proyecto “Lateral Sub Sede Comuna 3”, Es La Remodelación Del Pasaje Y Muro Lateral De La Autopista 25 De Mayo, Linderos Al Edificio De La Sub Sede. Dentro De La Intervención Se Consideran: - Cambio Total Del Solado Del Pasaje Brindando Color Y Una Mejora Estética. - Pintar El Muro Lateral De La Autopista 25 De Mayo Ya Que Como Lateral Del Pasaje Tiene Una Fuerte Presencia En El Presente Proyecto - Incorporar Vegetación A La Zona Realizando Un Trabajo Sobre El Muro Bajo Autopista A Lo Largo De Los Casi 80 Metros De Desarrollo Que Tiene El Proyecto. Se Agregaran Enredaderas Y Trepadoras Generando Un Límite Verde Más Agradable - Se Acondicionara Los Pequeños Espacios Verdes Que Existen Del Lado De La Calle Rincón. - Se Incorporara Iluminación A Nivel Peatonal A Lo Largo Del Desarrollo Del Proyecto Otorgando Mayor Seguridad Al Pasaje Para Que Pueda Ser Usado A Toda Hora.";1248000;3;"San Cristóbal";"Jenner, Eduardo, Dr. Y Sarandi";"23/12/2016";"15/04/2017";"15/04/2017";100;"https://cdn2.buenosaires.gob.ar/baobras/gestioncomunal1/latau25mayo_foto1.JPG"
767;"Hospital Zubizarreta - Reforma Frente Y Puesta";"Finalizada";"Arquitectura";"Subsecretaría de Gestión Comunal";"Puesta En Valor:La Idea Generatriz Para La Puesta En Valor Del Hospital Zubizarreta, Consiste Refuncionalizar El Edificio En Sus Ingresos Pero Tambien Identificar Y Dar Identidad Al Edificio En Relación A Su Entorno. La Vegetación Existente Y Su Proximidad A La Plaza Arenales, Son Fortalezas Y Características De Gran Importancia En El Barrio “Villa Devoto”. La Estrategia, Consiste En Generar Una Plaza Seca, En Analogía A Las Anchas Veredas Del Barrio En Donde La Dinámica, La Circulación Y La Continuidad De Los Espacios, Tanto De Descanso, Como Funcionales, Se Articulan A Través De Fajas De Vegetación Que Tienen Presencia En Las Tres Dimensiones. Este Logro Se Debe, Al Generar Una Marquesina Metálica, Flanqueando El Ingreso Principal Que Dará Escala Y Presencia A El Espacio De Ingreso, Pero A Su Vez Será Un Espacio Contenedor Donde Las Circulaciones Peatonales Y Para Discapacitados Toman Fuerza , Presenciando Y Jugando Con Colores Y Aromas De Diversa Vegetación Proyectada, Que Se Expresa En Tres Dimensiones, Solados- Paramentos Verticales-Marquesina. La Marquesina Será Un Elemento Metálico En Donde Los Llenos Y Vacios Se Conforman A Partir De Jardines En Altura Que Expresarán La Continuidad De La Plaza, Dando Colores, Aromas Y Armonía A Un Espacio Que Hoy Está En Constante Degradación.";4025249;11;"Villa Devoto";"Nueva York 3952";"1/06/2015";"12/09/2016";"05/12/2016";100;"https://cdn2.buenosaires.gob.ar/baobras/gestioncomunal2/zubizarreta_foto1.JPG"
1006;"Conjunto Habitacional 180 Viviendas: Adecuación De Red Interna Cloacal";"Finalizada";"Hidráulica e Infraestructura";"Corporación Buenos Aires Sur";"Mejoramiento Del Funcionamiento, La Reparación Y Desobstrucción De La Red Del Sistema Cloacal Del Conjunto De Viviendas.";928987;8;"Villa Soldati";"Fernandez De La Cruz, F., Gral. Av. Y Lacarra Av.";"1/11/2015";"4/09/2016";"5/03/2017";100;"https://cdn2.buenosaires.gob.ar/baobras/corporacionsur/Adecuaci%C3%B3ndeRedinternaCloacalCH180viv_foto1.jpg"
1008;"Barrio Los Piletones: Demolición De Viviendas Para Apertura Y Liberación De Espacios, Manzana Nº 9";"Finalizada";"Hidráulica e Infraestructura";"Corporación Buenos Aires Sur";"Demolición De Las Viviendas De Manzana 9, 1012/2, 2415/4 Y 23/4 Para La Apertura De La Calle Que Dividirá La Manzana 9 De La Manzana 1";495696;8;"Villa Soldati";"Lacarra Av. 2850";"24/11/2015";"22/01/2016";"22/01/2016";100;"https://cdn2.buenosaires.gob.ar/baobras/corporacionsur/Demolici%C3%B3ndeviviendasparaaperturayliberaci%C3%B3nMz9_foto1.jpg"
1041;"Parque Roca: Remodelación de cocina del sector tenis - Acceso C.";"Finalizada";"Arquitectura";"Corporación Buenos Aires Sur";"Pisos, Revestimientos, Mesada, Cielorrasos, Pintura";356879;8;"Villa Soldati";"Roca, Cnel. Av. 4490";"9/09/2015";"11/08/2016";"11/08/2016";100;"https://cdn2.buenosaires.gob.ar/baobras/corporacionsur/P.RocaRemodelaci%C3%B3ncocinadelsectorTenis-AccesoC_foto1.jpg"
1046;"Centro de Transferencia de Cargas: Modificación de la intersección de la Av. 27 de Febrero con la calle Pergamino";"Finalizada";"Hidráulica e Infraestructura";"Corporación Buenos Aires Sur";"Pavimentos, Semaforos, Iluminacion";3672574;8;"Villa Soldati";"27 De Febrero Av. Y Pergamino";"21/09/2016";"12/10/2016";"12/10/2016";100;"https://cdn2.buenosaires.gob.ar/baobras/corporacionsur/Intersecci%C3%B3nAv27defebreroconPergaminoCTC_foto1.jpg"
1059;"Barrio 26 De Junio: Obras De Tendido De Agua Potable (Infraestructura) Complejo Habitacional 33 Viviendas";"Finalizada";"Hidráulica e Infraestructura";"Corporación Buenos Aires Sur";"Se Trata Del Tendido De La Obra De Infraestructura (Anillo Perimetral) Para Abastecer De Agua Al Barrio.";2275049;8;"Villa Soldati";"Portela Y Riestra Av.";"14/03/2017";"13/04/2017";"13/04/2017";100;"https://cdn2.buenosaires.gob.ar/baobras/corporacionsur/TendidodeAguaPotable33viv._foto1.jpg"
1120;"Corredor Verde del Oeste: Tramo I - Cruce Medrano";"En Ejecución";"Espacio Público";"Ministerio de Ambiente y Espacio Público";"Entornos Urbanos -Como Primera Intervención Del Proyecto De “Techos Ffcc Sarmiento Esta Obra Comprende La Rectificación De La Calle Bartolomé Mitre Y Ensanche De Esquina Con El Objetivo De Mejorar La Circulación Vehicular, Aumentar La Superficie Verde, Generar Nuevos Patios De Juegos Y Postas De Descanso. El Proyecto También Comprende La Renovación E Incorporación Del Mobiliario Urbano, Refuerzo De La Iluminación, E Incorporación De Arbolado.";60212823;5;"Almagro";"Medrano";"12/01/2016";"7/01/2018";;50;"https://cdn2.buenosaires.gob.ar/desarrollourbano/observatorio-de-obras/mayep_corredorverdeoeste_tramo1.jpg"
1135;"Plan Once: Etapa V";"En Ejecución";"Espacio Público";"Ministerio de Ambiente y Espacio Público";"Áreas Ambientales -El Proyecto Propone Una Serie De Intervenciones En Las Esquinas Y Veredas Que Permiten La Apropiación Del Espacio Público Por Parte De Los Peatones Y El Ordenamiento En El Uso De Las Dársenas Para Estacionamiento, Carga Y Descarga E Higiene Urbana. A Su Vez Se Trabajará En El Mejoramiento Del Paisaje: Se Soterrará El Cableado Aéreo, Se Reducirá Al Mínimo La Cantidad De Postes, Se Intensificará El Arbolado Y La Iluminación Peatonal. En Las Calles Internas Se Generarán Bulbos De Vereda Cercanos A Las Esquinas Y Se Construirán Vados Dobles De Hormigón Peinado. Se Incorporarán Contenedores Semi Soterrados Y Se Pintará La Calzada En La “Ampliación Generada Por Los Bulbos. En Las Aceras Intervenidas Se Colocaran Mosaicos Graníticos De Color Gris Claro, Donde A Su Vez Se Construirán Cazoletas Y Se Plantarán Árboles Nuevos.";68513864;3;"Balvanera";"AZCUENAGA y PERON, JUAN DOMINGO, TTE. GENERAL";"11/01/2017";"8/01/2018";;50;"https://cdn2.buenosaires.gob.ar/desarrollourbano/observatorio-de-obras/mayep_planonce_etapa5.jpg"
1176;"Acumar: San Antonio - Viviendas";"Finalizada";"Vivienda";"Instituto de la Vivienda";"Ejecución De La Obra Goncalves Días 738 Y San Antonio 721/725- Construcción 64 Viviendas Y Obras Exteriores/Tipología Pb + 5 Pisos";84025000;4;"Barracas";"San Antonio 721";"1/01/2015";"11/01/2017";"11/01/2017";100;"https://cdn2.buenosaires.gob.ar/baobras/ivc/ACUMAR%20-%20San%20Antonio%201.jpg"
1196;"Jardín De Infantes Integral Nro 3";"Finalizada";"Escuelas";"Ministerio de Educación e Innovación";"Dentro Del Plan 30 Escuelas Nuevas Con Salas De 3, Se Incorpora Un Nuevo Edificio Con 3 Aulas, Áreas Administrativas, De Servicios Y Expansiones Recreativas.";5977447;12;"Saavedra";"Besares 4327";"10/02/2016";"30/03/2017";"30/03/2017";100;"https://cdn2.buenosaires.gob.ar/desarrollourbano/observatorio-de-obras/educacion_jardin3_3.jpg"
1206;"Polo Educativo Lugano: Inicial. Etapa I";"En Ejecución";"Escuelas";"Ministerio de Educación e Innovación";"Dentro Del Plan 30 Escuelas Nuevas Con Salas De 3, Se Incorpora Al Parque Edilicio, Un Edificio Primario Con Aulas De Jardín. Se Implanta Dentro Del Complejo Educativo Polo Lugano- Villa 20. El Inicial Contará Con 6 Aulas, Áreas Administrativas, De Servicios Y Expansiones Recreativas Para Ambas Instituciones.";89538867;8;"Villa Lugano";"Fonrouge Y Barros Pazos, Jose";"15/11/2016";"30/07/2018";;80;"https://cdn2.buenosaires.gob.ar/baobras/fonrougeybpazos_1.JPG"
1209;"Nueva escuela en Comuna 8";"En Licitación";"Escuelas";"Ministerio de Educación e Innovación";"Dentro Del Plan 30 Escuelas Nuevas Con Salas De 3, Se Incorpora Un Edificio Nuevo En Un Terreno Cedido Dentro De La Villa Olímpica ,Que A Futuro Constituirá Un Conjunto Habitacional Actualmente En Desarrollo. Cuenta Con 6 Aulas, Áreas Administrativas, De Servicios ,Expansiones Recreativas Y Comedor Y Cocina.";22173129;8;"Villa Soldati";"Escalada Av. 3900";"2/10/2018";"31/05/2019";;0;"https://cdn2.buenosaires.gob.ar/baobras/educacion2/PapaFranciscoInicial_1.jpg"
1213;"Nueva escuela en Comuna 4";"En Proyecto";"Escuelas";"Ministerio de Educación e Innovación";"Dentro Del Plan 30 Escuelas Nuevas Con Salas De 3, Se Incorpora Un Nuevo Edificio Dentro Del Área Tecnológica Y Muy Cercana A Al Edificio Gubernamental. Se Desarrolla En Un Terreno Cedido A Tal Fin Y Realizado Con Tecnologia No Tradicional. Cuenta Con 6 Aulas, Áreas Administrativas, De Servicios ,Expansiones Recreativas, Comedor, Cocina Y Terraza Verde.";;4;"Nueva Pompeya";"Santo Domingo 4050";"1/08/2018";"28/02/2019";;0;"https://cdn2.buenosaires.gob.ar/baobras/educacion2/SantoDomingo4050_1.JPG"
1225;"Escuela de teatro: reemplazo.";"Finalizada";"Escuelas";"Ministerio de Educación e Innovación";"Dentro Del Plan Reemplazo, Se Incorpora Un Edificio Nuevo Para La Escuela De Danza Con Entrada Independiente, Aulas, Áreas Administrativas, De Sericios Y Recreación.";12499378;9;"Mataderos";"Oliden 1245";"1/11/2016";"27/09/2017";"28/10/2017";100;"https://cdn2.buenosaires.gob.ar/baobras/oliden1245_2.jpg"
1232;"Escuela Integral Interdisciplinaria N° 17 - Escuela de reemplazo.  ";"En Licitación";"Escuelas";"Ministerio de Educación e Innovación";"El Ministerio De Educación Propone Un Edificio Nuevo Con Desarrollo Proyectual Del Mdu Para Reemplazo Del Cbo Que Actualmente Funciona En La Calle Cortina 2449. Este Nuevo Edificio Programado Será De 900 M2 Y Contará Con 7 Aulas, Espacios De Recreación, Sanitarios, Sum Y Aéreas Administrativas, Estimándose Su Fecha De Finalización Para Marzo 2019.";8236450;10;"Villa Real";"Lista, Ramon, Coronel 5448";"8/07/2017";"15/05/2018";;0;"https://cdn2.buenosaires.gob.ar/baobras/educacion2/RamonLista5448_1.jpg"
1233;"Polo Educativo Múgica: Escuela Primaria Común N° 25 Bandera Argentina - Escuela de reemplazo";"En Ejecución";"Escuelas";"Ministerio de Educación e Innovación";"En La Nueva Propuesta Arquitectónica Programada Para El Polo Mugica, Se Prevé Emplazar En El Mismo Solar De Los Edificios Existentes, Los Cuales Se Demolerán Secuencialmente Y Se Reemplazarán Con Edificios Nuevos. Los Mismos Contemplan No Sólo La Debida Adecuación Espacial Para Los Actuales Alumnos, Sino También La Ampliación De La Matrícula En Un 30% En El Nivel Inicial Y Un 70% Para La Primaria.";16342000;1;"Retiro";"Letonia Y Antartida Argentina Av.";"27/12/2017";"30/04/2019";;14;"https://cdn2.buenosaires.gob.ar/desarrollourbano/observatorio-de-obras/educacion_polomugicaescprimaria25_1.jpg"
1253;"Escuela De Bellas Artes Lola Mora: Obra de infraestructura";"Finalizada";"Escuelas";"Ministerio de Educación e Innovación";"Obra De Impermeabilización De Cubiertas";11919911;8;"Villa Lugano";"Soldado De La Frontera Av. 5155";"29/05/2017";"31/08/2017";"31/08/2017";100;"https://cdn2.buenosaires.gob.ar/desarrollourbano/observatorio-de-obras/educacion_escbellasarteslolamora_3.jpg"
1260;"Esc. Técnica N° 12 Libertador Gral. José De San Martin: Obras generales";"En Ejecución";"Escuelas";"Ministerio de Educación e Innovación";"Obra De Instalación Eléctrica, Sanitaria, Contra Incendio, Accesibilidad, Baño De Discapacitados E Impermeabilización.";14505000;1;"Retiro";"Del Libertador Av. 238";"23/12/2016";"31/12/2017";;98;"https://cdn2.buenosaires.gob.ar/baobras/libertador238_1.jpg"
3025;"Barrio Rodrigo Bueno: Infraestructura";"En Ejecución";"Hidráulica e Infraestructura";"Instituto de la Vivienda";"Barrio Rodrigo Bueno Etapa 3. Infraestructura. Av. España, Reserva Ecológica Costanera Sur Y Barrio Existente Rodrigo Bueno, Barrio Puerto Madero, Comuna 1.";185641917;4;"La Boca";"España Av. 1800";"22/06/2018";"31/03/2019";;0;"https://cdn2.buenosaires.gob.ar/baobras/ivc2/ivc_rodrigobueno_infraestructura-dji-0130.jpg"
3026;"Acumar: Alvarado - Infraestructura";"En Ejecución";"Hidráulica e Infraestructura";"Instituto de la Vivienda";"Ejecución de la infraestructura correspondiente a las 231 viviendas en construcción del Barrio Alvarado, ubicado En Las Calles Australia, Vías Ff.Cc., Agustín Magaldi Y Alvarado, Circunscripción 2, Sección 26, Manzana 37, Bº Barracas";32952446;4;"Barracas";"Alvarado";"18/07/2018";"30/04/2019";;0;"https://cdn2.buenosaires.gob.ar/baobras/ivc2/ivc_alvarado_infraestructura-imagen%20fija001.jpg"
5130;"Nueva Plaza Casa Cuna";"En Licitación";"Espacio Público";"Ministerio de Ambiente y Espacio Público";"Espacios Verdes";9565616;1;"Constitución";"Montes De Oca, Manuel Av. Y Caseros Av.";"1/10/2018";"28/02/2019";;0;"https://cdn2.buenosaires.gob.ar/baobras/espaciosverdes/56casacunaproyecto_foto1.jpg"
13266;"Escuela Primaria Común N° 10 Joaquín María Cullen: Mejora Edilicia.";"En Licitación";"Escuelas";"Ministerio de Educación e Innovación";"Obras Para Mejoramiento Edilicio.";543000;13;"Nuñez";"11 De Septiembre De 1888 3451";;;;0;"https://cdn2.buenosaires.gob.ar/baobras/genericas/generica_escuelas.png"
13267;"Escuela Primaria Común N° 03 Policía Federal Argentina: mejora edilicia.";"En Licitación";"Escuelas";"Ministerio de Educación e Innovación";"Obras Para Mejoramiento Edilicio.";242500;11;"Villa Del Parque";"Argerich 2849";;;;0;"https://cdn2.buenosaires.gob.ar/baobras/educacion2/Argerich2849_1.JPG"
13269;"Escuela Primaria Común N° 01 Dr. Antonio Dellepiane: Mejora Edilicia";"En Licitación";"Escuelas";"Ministerio de Educación e Innovación";"Obras Para Mejoramiento Edilicio.";436700;11;"Villa Del Parque";"Baigorria 3169";;;;0;"https://cdn2.buenosaires.gob.ar/baobras/educacion2/Baigorria3169_1.JPG"
13307;"IES En Lenguas Vivas Juan Ramón Fernández De 1 (Nivel Secundario)";"En Ejecución";"Escuelas";"Ministerio de Educación e Innovación";"Obra De Ampliación De 4 Aulas Y 1 Espacio Para Preceptores";7203420;1;"Retiro";"Pellegrini, Carlos 1515";"18/10/2017";"30/04/2018";;85;"https://cdn2.buenosaires.gob.ar/baobras/pellegrini1515_1.jfif"
19001;"Hospital Alvear - Trabajos De Instalaciones Termo Mecánicas Y Eléctricas En Pabellón N° 1, Etapa 3";"En Ejecución";"Salud";"Ministerio de Salud";"Las Obras Comprenden La Remodelación Integral Del Pabellón 1 En El Hospital Alvear, Incluyendo También La Ejecución De Obras Exteriores, Espacios Verdes Circundantes Y Semicubiertos. Las Obras A Ejecutar Tanto Interiores Como Exteriores Tienen Por Objeto Dejar El Hospital En Condiciones Adecuadas De Funcionamiento. Se Intervendrá En La Climatización Y Acondicionamiento Eléctrico Del Pabellón N° 1 Cumpliendo Con Las Normas Vigentes, Con El Fin De Brindar Un Nuevo Destino Y Reubicación Estratégica A La Consulta Externa. Se Realizará Una Ampliación Edilicia Dentro Del Pabellón N° 1, Que Contempla Un Nuevo Espacio Destinado Al Acceso Y Espera En El Área De Consulta Externa, Obteniendo Como Resultado Una Entrada Independiente, Desvinculando La Atención Externa De La De Internación. La Obra Comprenderá Trabajos De Estructuras Y Albañilería En General Como La Ejecución De Mampostería De Elevación, Distintos Tipos De Revoques Y Cielorrasos, La Colocación De Revestimientos, Solados Y Carpinterías.";9378358;15;"Paternal";"Warnes Av. 2630";"10/04/2017";"31/05/2018";;75;"https://cdn2.buenosaires.gob.ar/baobras/salud/ALVEAR_PABELLON%201_FOTO1.jpg"
25020;"Oficinas Ministerio de Justicia y Seguridad: Central De Alarmas - Nave 8";"En Ejecución";"Arquitectura";"Ministerio de Justicia y Seguridad";"Puesta En Valor, Ampliación, Remodelación Y Refuncionalización De Un Sector De La Nave 8.";36162661;15;"Chacarita";"Newbery, Jorge Av. 4218";"3/03/2017";"30/11/2018";;38;"https://cdn2.buenosaires.gob.ar/baobras/justiciayseguridad2/mjys_nave8_imagen1.jpg"
25062;"Nueva escuela en Comuna 4";"En Proyecto";"Escuelas";"Ministerio de Educación e Innovación";"Dentro Del Plan 30 Escuelas Nuevas Con Salas De 3, Se Incorpora Un Edificio Con 6 Aulas, Áreas Administrativas , De Sericios Y Recreacion.";;4;"Parque Patricios";"Pepiri 185";"4/08/2018";"23/03/2019";;0;"https://cdn2.buenosaires.gob.ar/baobras/genericas/generica_escuelas.png"
25082;"Subterráneos - Línea E: Sistema de comunicaciones";"En Ejecución";"Transporte";"Ministerio de Desarrollo Urbano y Transporte";"Contempla La Provisión, Instalación Y Puesta En Marcha De Los Sistemas De Red De Transporte De Datos, Telefonía, Megafonía, Información Al Público, Tierra-Tren Y Alimentación, En Las Estaciones Correo Central, Catalinas, Retiro Y En El Taller Lacarra.";27481263;1;"San Nicolás";"Corrientes Av.199";"13/12/2017";"13/04/2018";;0;"https://cdn2.buenosaires.gob.ar/baobras/mduyt5/lineae_sistemadecomunicaciones_foto1.jpg"
25084;"Subterráneos - Línea E: Implementación Del Sistema Scada De Energía Y Auxiliares";"En Ejecución";"Transporte";"Ministerio de Desarrollo Urbano y Transporte";"Comprende La Provisión E Instalación De Las Rtu, El Cableado Hasta Los Equipos Y Dispositivos, Medios De Enlace De Fibra Óptica Que Permitan La Implementación De Un Sistema Scada Para Las Nuevas Estaciones De La Línea E (Correo Central, Catalinas, Retiro Y Sus Equipos De Ventilación Inter-Estación), Taller Lacarra, Rectificador/Celda Cc Lacarra Y Pozo De Bombeo Mariano Acosta  Obras Correspondientes Al Tramo Bolívar – Retiro Y Taller Lacarra De La Línea E.";18534542;1;"San Nicolás";"Corrientes Av.199";"1/11/2017";"31/05/2018";;25;"https://cdn2.buenosaires.gob.ar/baobras/mduyt5/lineae_implementacionsistemascada.jpg"
25085;"Subterráneos - Línea E: Traspaso de obras a la Ciudad";"En Ejecución";"Transporte";"Ministerio de Desarrollo Urbano y Transporte";"Comprende La Continuación De Tareas Y Ejecución De Obras Complementarias Necesarias Para La Finalización Total Del Contrato Para La “Ejecución De Las Obras Civiles Destinadas A La Extensión De La Línea E De La Red De Subterráneos De La Ciudad Autónoma De Buenos Aires, Obra Básica Más Variante Túnel”, Cedido Y Transferido Por El Estado Nacional Al Gobierno De La Ciudad Autónoma De Buenos Aires.";47813277;1;"San Nicolás";"Corrientes Av.199";"12/10/2016";"30/06/2018";;81;"https://cdn2.buenosaires.gob.ar/baobras/mduyt5/lineae_traspasode%20obras.jpg"
25086;"Subterráneos - Línea  E: Obra complementaria cochera - Taller Lacarra";"Finalizada";"Transporte";"Ministerio de Desarrollo Urbano y Transporte";"Comprende El Proyecto Y Construcción De Una Estructura De Apoyo Para Puentes Grúas, Catenaria Y Pasarelas Metálicas En Vías 1 Y 2 En El Taller Lacarra De La Línea E De La Red De Subterráneos De Buenos Aires.";5800358;7;"Flores";"Av. Lacarra y Autopista Dellepiane";"1/04/2017";"1/01/2018";"3/04/2018";100;"https://cdn2.buenosaires.gob.ar/baobras/mduyt6/mduyt_subterranerslineae_obracomplementaria_cocheratallertacarra.jpg"
25087;"Subterráneos - Línea E: Dos puentes grúa";"Finalizada";"Transporte";"Ministerio de Desarrollo Urbano y Transporte";"Comprende La Provisión, Montaje Y Puesta En Marcha De Dos Puentes Grúa En El Taller Lacarra De La Línea E De La Red De Subterráneos De Buenos Aires.";1881188;1;"San Nicolás";"Corrientes 199";"2/10/2017";"2/02/2018";"2/02/2018";100;"https://cdn2.buenosaires.gob.ar/baobras/mduyt6/mduyt_subterraneoslineae_dospuentesgrua.jpg"
25089;"Av. Triunvirato: Apertura ";"Finalizada";"Transporte";"Ministerio de Desarrollo Urbano y Transporte";"La obra comprendió la  extensión de la av. Triunvirato desde la calle Elcano hasta Federico Lacroze, en el barrio de Chacarita (Comuna 15), donde se sumaron siete cuadras a la avenida sobre terrenos ferroviarios";89462000;15;"Chacarita";"Av. Triunvirato y Av. Elcano";"14/08/2017";"20/02/2018";"16/04/2018";100;"https://cdn2.buenosaires.gob.ar/baobras/mduyt6/mduyt_aperturaavenidatriunvirato_foto1.jpg"
25090;"Centro de Trasbordo Federico Lacroze";"Finalizada";"Transporte";"Ministerio de Desarrollo Urbano y Transporte";"El Centro de Trasbordo Chacarita genera espacios de acceso y espera de transporte público más seguros y cómodos, beneficiando a 100 mil vecinos que diariamente transitan por la zona.";18000000;15;"Chacarita";"Guzman Av. y Corrientes Av.";"1/07/2016";"1/02/2017";"1/02/2017";100;"https://cdn2.buenosaires.gob.ar/baobras/mduyt6/mduyt_ctlacroze_foto1.jpg"
25095;"Metrobus San Martín";"Finalizada";"Transporte";"Ministerio de Desarrollo Urbano y Transporte";"Este nuevo corredor de Metrobus es el primero en complementarse con intervenciones peatonales para hacer los cruces más seguros y beneficia a más de 70 mil personas todos los días.";35700000;15;"Agronomía";"SAN MARTIN AV. 4549";"22/02/2015";"28/04/2016";"22/06/2017";100;"https://cdn2.buenosaires.gob.ar/baobras/mduyt6/mduyt_metrobussanmartin_foto1.jpg"
25097;"Parque de la  Innvación.";"En Proyecto";"Espacio Público";"Ministerio de Desarrollo Urbano y Transporte";"El Parque de la Innovación será un polo científico-tecnológico abierto a estudiantes, científicos y académicos que busca reflejar una política integral basada en la innovación. Estará ubicado en tierras propiedad de la Ciudad, actualmente utilizadas por el Tiro Federal en el barrio de Núñez.";;13;"Nuñez";"Udaondo, Guillermo Av. 1101 ";;;;0;"https://www.buenosaires.gob.ar/sites/gcaba/files/1_67.jpg"
25108;"Ex Au 3: Soluciones Habitacionales IV ";"En Ejecución";"Arquitectura";"Ministerio de Desarrollo Urbano y Transporte";"Obra en ejecución con 30 unidades funcionales (11 unidades de 3 ambientes, 19 unidades de 4 ambientes) y 3 locales comerciales en planta baja de 200m2 totales (superficie total cubierta 2.813 m2). ";51377671;12;"Villa Urquiza";"Av Monroe 4243/75";"26/06/2017";"26/08/2019";;63;"https://cdn2.buenosaires.gob.ar/baobras/mduyt/Soluciones_habitacionales_IV.jpg"
25112;"Conjunto Barraca Peña: nueva Área de Protección Histórica";"En Proyecto";"Arquitectura";"Ministerio de Desarrollo Urbano y Transporte";"El Conjunto Barraca Peña es el complejo edilicio portuario más antiguo que se conserva en el barrio de La Boca (data del año 1774). Allí se encuentra un grupo de restos arqueológicos que dan testimonio de la historia del Riachuelo y que son parte fundamental de la historia e identidad de la Ciudad Autónoma de Buenos Aires. Mediante la creación de una nueva Área de Protección Histórica, se pondrá en valor la infraestructura del Conjunto Barraca Peña, integrado por: - La Lanera, que luego de su restauración se convertirá en un Centro de Interpretación, orientado a contar la historia de La Boca, Barracas, el puerto, el ferrocarril y la historia de la contaminación del Riachuelo, su estado actual y los planes de saneamiento. - La Pulpería, que se pondrá en condiciones para su preservación. - Superficie aledaña a la Lanera: en el predio que se ubica junto a la Lanera se harán obras de puesta en valor y se mantendrá su estructura como sitio de exposición. Allí, enterrado, se encuentra el galeón Pecio Zencity, encontrado durante una obra en Puerto Madero en el año 2008. Junto a estas estructuras, en un área perteneciente a la ciudad pero actualmente subutilizada como estacionamiento, se construirá un edificio de oficinas que será cedido a ACUMAR por un período de 25 años";180000000;4;"La Boca";"Av. Don Pedro de Mendoza e Irala";"1/08/2018";"1/08/2019";;0;"https://cdn2.buenosaires.gob.ar/baobras/mduyt6/mduyt_barracape%C3%B1a_foto1.jpg "
25114;"Laterales vías del tren.";"En Proyecto";"Espacio Público";"Ministerio de Ambiente y Espacio Público";"Se pondrá en valor los sectores laterales del tren que actualmente se encuentran muy degradados. Se va agregar nuevo mobiliario, iluminación y paisajismo. Esto va a revalorizar la zona y además servir de espacio verde para la sede de la Comuna 11 que se encuentra lindera a este sector.  ";8000000;11;"Villa Devoto";"Cuenca y Ricardo Gutierrez";"1/10/2018";"28/02/2019";;0;"https://cdn2.buenosaires.gob.ar/baobras/espaciosverdes/mayep_100logo_foto1.png"
25121;"Parque Chacabuco: sector para adultos mayores";"En Proyecto";"Espacio Público";"Ministerio de Ambiente y Espacio Público";"En un sector del parque que actualmente no es muy utilizado, se va a realizar la puesta en valor, agregando mobiliario exclusivo para adultos mayores, iluminando la zona, agregando un proyecto de paisajismo acorde a la situación y acondicionando la accesibilidad.  ";500000;7;"Parque Chacabuco";"Av. Asamblea, Av. Curapaligue, Av. Directorio, Emilio Mitre";"1/07/2018";"31/08/2018";;0;"https://cdn2.buenosaires.gob.ar/baobras/espaciosverdes/mayep_100logo_foto1.png"
25122;"Nuevo sector ajedrez.";"En Proyecto";"Espacio Público";"Ministerio de Ambiente y Espacio Público";"Se realizará un tablero de ajedrez para la práctica al aire libre de este juego recreativo , estimulando a los ciudadanos al aprendizaje y uso del mismo.";100000;14;"Palermo";"Colombia, Av. Libertador, Av. Sarmiento";"1/11/2018";"31/12/2018";;0;"https://cdn2.buenosaires.gob.ar/baobras/espaciosverdes/mayep_100logo_foto1.png"
25123;"Barrancas de Belgrano: Energía solar.";"En Proyecto";"Espacio Público";"Ministerio de Ambiente y Espacio Público";"Se desarrollará un sistema que permita el ahorro de energía eléctrica en la plaza Barrancas de Belgrano";200000;13;"Belgrano";"Mariscal Antonio José de Sucre 1683-1743";"1/12/2018";"31/12/2018";;0;"https://cdn2.buenosaires.gob.ar/baobras/espaciosverdes/mayep_100logo_foto1.png"
25141;"Av. Medrano 1: Reparación de veredas";"En Ejecución";"Espacio Público";"Ministerio de Ambiente y Espacio Público";"Obra compleja de 4 cuadras, entre Humahuaca- Potosí";11805446;5;"Almagro";"MEDRANO AV.455";"4/06/2018";"31/12/2018";;1;"https://cdn2.buenosaires.gob.ar/baobras/veredas/ssvp_reparaciondeveredas_triunvirato_foto6_antes.jpg"
25177;"Luis Saenz Peña Nº 1620: Pintura de fachada";"Finalizada";"Vivienda";"Corporación Buenos Aires Sur";"Puesta En Valor De La Fachada Del Edificio Ubicado En La Calle Luis Saenz Peña 1620, El Cual Presenta Una Catalogación Singular, Con Protección Cautelar Y Se Encuentra Protegido Por La Ley 3065 Por Tratarse De Un Edificio Anterior Al 1941. Las Tareas A Desarrollarse Consisten En La Consolidación Y Restitución De Ornamentos, Reparación Y Limpieza De Fachadas Y Pintura De Superficie De Fachada Plana Sin Ornamentación Ni Elementos Decorativos, Además De La Reparación Y Pintura De Carpinterías Y Herrería";245946;1;"Constitución";"Saenz Peña, Luis, Pres. 1620";"13/11/2017";"13/12/2017";"13/12/2017";100;"https://cdn2.buenosaires.gob.ar/redimensionada/cbas_pinturafachadalspe%C3%B1a1620_foto1.jpg"
25181;"Plaza Irlanda: Patio de juegos";"En Licitación";"Espacio Público";"Subsecretaría de Gestión Comunal";"La propuesta para la Plaza Irlanda, es intervenir el patio de juegos existente,generando accesibilidad e inclusión.Hoy no cuenta con juegos inclusivos que sean aptos para niños con movilidad reducida ycapacidades diferentes.";1731163;6;"Caballito";"NEUQUEN y ALVAREZ, DONATO, Tte. Gr";"1/07/2018";"15/09/2018";;0;"https://cdn2.buenosaires.gob.ar/baobras/gestioncomunal7/gestioncomunal_plazairlanda_foto1.jpg"
25182;"Plaza Guillermo y Alfredo Barbieri";"En Licitación";"Espacio Público";"Subsecretaría de Gestión Comunal";"El objetivo general del proyecto se orienta a recuperar y revitalizar el predio, brindándoles a los vecinos un lugar de encuentro y participación dedicado al arte y al tango. Se generan nuevos lugares de descanso, patio de juego bajo normativa, revitalización del sector deportivo, Incorporación de sector destinado a expresiones artísticas.";13777132;4;"Parque Patricios";"LUNA - LOS PATOS - PEDRO CHUTRO - MOSTESQUIEU";"15/08/2018";"12/01/2019";;0;"https://cdn2.buenosaires.gob.ar/baobras/gestioncomunal7/gestioncomunal_plazaguillermoyalfredobarbieri_foto1.jpg"
25183;"Plaza Saara Vaamonde";"En Licitación";"Espacio Público";"Subsecretaría de Gestión Comunal";"El objetivo general es la puesta en valor de la Plaza, revalorizando el espacio público como ámbito de interacción, mejorar las condiciones de habitabilidad, seguridad de la vía pública, y generando nuevos usos en la misma.";4104738;5;"Boedo";"INDEPENDENCIA, AV. - MUÑIZ - MARMOL, JOSE";"1/07/2018";"30/10/2018";;0;"https://cdn2.buenosaires.gob.ar/baobras/gestioncomunal7/gestioncomunal_plazasaravaamonde_foto1.jpg"
25184;"Pista Atletismo";"En Proyecto";"Espacio Público";"Subsecretaría de Gestión Comunal";"Se propone armar un pista de atletismo semi-profesional de 330 metros de recorrido, brindándole a los vecinos la facilidad de llevar sus tiempos de corrida. Además, se incorporaran diferentes zonas para la práctica de otras disciplinas de atletismo: Salto en Largo, Triple Salto, Lanzamiento de Disco y Martillo, y Lanzamiento de Bala. La propuesta contempla nuevos sectores de descanso y propuesta paisajistica.";12278359;8;"Villa Soldati";"LACARRA, AV. - ESCALADA, AV. - CASTAÑARES, AV. - FERNANDEZ DE LA CRUZ, FRANCISCO, GRAL., AV";"15/09/2018";"15/02/2019";;0;"https://cdn2.buenosaires.gob.ar/baobras/gestioncomunal7/gestioncomunal_pistadeatletismo_foto1.jpg"
25185;"Subterráneos - Línea H";"En Ejecución";"Transporte";"Ministerio de Desarrollo Urbano y Transporte";"Nuevas estaciones de la Línea H, taller y cochera Parque Patricios, túnel de trasición pre hospitales, acceso aliviador en la estación Pueyredón, túnel C2 interestación";2227000000;2;"Recoleta";"Av. Santa Fe y Av. Pueyrredón";"4/10/2011";"31/12/2018";;94;"https://cdn2.buenosaires.gob.ar/baobras/mduyt6/mduyt_subterraneoslineah_estacioncordoba.jpg"
25187;"Cárcel de Caseros";"En Proyecto";"Arquitectura";"Ministerio de Desarrollo Urbano y Transporte";"El proyecto Ex Cárcel de Caseros consiste en la refuncionalización del área en donde está ubicada actualmente la cárcel, cerrada hace casi dos décadas, transformando el predio en oficinas gubernamentales. Allí funcionarán un edificio de Hacienda y otro de AGIP, que contabilizarán un total de 4.000 puestos de trabajo.";;4;"Parque Patricios";"Pasco 2113";"14/01/2019";"30/12/2020";;0;"https://www.buenosaires.gob.ar/sites/gcaba/files/field/image/recorrida_ex_carcel_de_caseros_3.jpg"
25189;"Sede de Gobierno";"Finalizada";"Arquitectura";"Ministerio de Desarrollo Urbano y Transporte";"Oficinas";1205100;4;"Parque Patricios";"Uspallata 3050";"5/12/2016";"5/05/2017";"5/05/2017";100;"https://cdn2.buenosaires.gob.ar/baobras/mduyt6/mduyt_distritotecnologico%20_%20sededegobierno-foto1.jpg"
25216;"Barrio 31: Abordaje exterior Fachadas Feria.";"En Ejecución";"Vivienda";"Secretaría de Integración Social y Urbana - Barrio 31";"Se está trabajando en la puesta en valor de las fachadas de las manzanas 1,2,3,4,5 del sector de la Feria comercial. La empresa contratista tiene por función recuperar 11.000m2 de fachadas, adecuando alumbrado, cañerias, realizando revoque fino y grueso a las superficies.";110068974;1;"Retiro";"Walsh, Rodolfo 75";"8/01/2018";"29/06/2018";;52;"https://cdn2.buenosaires.gob.ar/baobras/integracionsocialyurbana2/secretariadeintegracionsocialyurbana_mvexterioresferia_imagen1.jpg"
25230;"Barrio 31: Manzana G1";"Finalizada";"Vivienda";"Secretaría de Integración Social y Urbana - Barrio 31";"En razgos generales el proyecto consistió en los siguientes procesos: Primero, se comunicó a los vecinos sobre la posibilidad de participar del Programa de Mejoramiento. Luego, los arquitectos realizaron un relevamiento técnico socio-habitacional, en el que se hizo un análisis por cada unidad funcional y se generó un proyecto específico para cada caso. A partir de ahí, se trabajó en la validación del proyecto con el vecino, y con instancias y módulos participativos, la obra comenzó tras la firma de la carta de adhesión por parte de las familias. Estos protocolos se desarrollaron de manera simultánea tanto para las refacciones del interior como del exterior de las viviendas. El proceso de mejora se apoya sobre los siguientes ejes: redistribución interna, iluminación, ventilación, red eléctrica, accesibilidad, cubierta y terminaciones sobre 79 unidades funcionales.
";2122000;1;"Retiro";"Gendarmeria Nacional Av. 679";"19/10/2016";"31/07/2017";"31/07/2017";100;"https://cdn2.buenosaires.gob.ar/baobras/integracionsocialyurbana2/secretariadeintegracionsocialyurbana_viviendasg1_imagen1.jpg"
25246;"Barrio Papa Francisco: Etapa 5";"En Ejecución";"Vivienda";"Instituto de la Vivienda";"Barrio Papa Francisco, Etapa 5. 420 Viviendas, 28 Locales Comerciales, Obras Exteriores Y Sector Patio De Juegos. Tipología Planta Baja + 4 Pisos. Avda. Escalada Y Avda. Fernández De La Cruz, Barrio Lugano, Comuna";347482098;8;"Villa Lugano";"Escalada Av. Y Fernandez De La Cruz, F., Gral. Av.";"10/12/2017";"29/03/2019";;0;"https://cdn2.buenosaires.gob.ar/baobras/ivc2/ivc_papafrancisco_etapa5_riva-abre2527.jpg"
